Name,Email,Role,Scroll Rank,Status,Application Date,Review Date,Notes,GitHub,Region,Skills,Projects
Stanley Osei-Wusu,stanley@example.com,Founder,ScrollSeer,Approved,2024-01-15,2024-01-15,Founder and ScrollSeer,https://github.com/stanleymay20,North America,"Python, AI, ScrollIntel, Flame Language, System Architecture","ScrollWrappedCodex, ScrollJustice, ScrollEconomy, ScrollOS"
,scrollbuilder1@example.com,Applicant,ScrollBuilder,Pending,,,,,,
,scrollbuilder2@example.com,Applicant,ScrollBuilder,Pending,,,,,,
,scrollbuilder3@example.com,Applicant,ScrollBuilder,Pending,,,,,,
,scrollbuilder4@example.com,Applicant,ScrollBuilder,Pending,,,,,,
,scrollbuilder5@example.com,Applicant,ScrollBuilder,Pending,,,,,,
,scrollbuilder6@example.com,Applicant,ScrollBuilder,Pending,,,,,,
,scrollbuilder7@example.com,Applicant,ScrollBuilder,Pending,,,,,,
,scrollbuilder8@example.com,Applicant,ScrollBuilder,Pending,,,,,,
,scrollbuilder9@example.com,Applicant,ScrollBuilder,Pending,,,,,,
,scrollbuilder10@example.com,Applicant,ScrollBuilder,Pending,,,,,,
,scrollbuilder11@example.com,Applicant,ScrollBuilder,Pending,,,,,,
,scrollbuilder12@example.com,Applicant,ScrollBuilder,Pending,,,,,,
,scrollbuilder13@example.com,Applicant,ScrollBuilder,Pending,,,,,,
,scrollbuilder14@example.com,Applicant,ScrollBuilder,Pending,,,,,,
,scrollbuilder15@example.com,Applicant,ScrollBuilder,Pending,,,,,,
,scrollbuilder16@example.com,Applicant,ScrollBuilder,Pending,,,,,,
,scrollbuilder17@example.com,Applicant,ScrollBuilder,Pending,,,,,,
,scrollbuilder18@example.com,Applicant,ScrollBuilder,Pending,,,,,,
,scrollbuilder19@example.com,Applicant,ScrollBuilder,Pending,,,,,,
,scrollbuilder20@example.com,Applicant,ScrollBuilder,Pending,,,,,,
,scrollbuilder21@example.com,Applicant,ScrollBuilder,Pending,,,,,,
,scrollbuilder22@example.com,Applicant,ScrollBuilder,Pending,,,,,,
,scrollbuilder23@example.com,Applicant,ScrollBuilder,Pending,,,,,,
,scrollbuilder24@example.com,Applicant,ScrollBuilder,Pending,,,,,, 